,No_screening,gFOBT,FIT,Blood_based,Stool_DNA,CTC,Colon_capsule
Screening,0.14198388115581773,0.12488109797089675,0.1409449350928098,0.11821207828379027,0.13824208756037626,0.1310851332695069,0.10852196094502659
