,No_screening,gFOBT,FIT,Blood_based,Stool_DNA,CTC,Colon_capsule
Screening,0.14313925413626727,0.1257872028587888,0.14189530180352575,0.11907699959802674,0.13923096399366208,0.13202951245930766,0.1092170836336299
