,No scr,No scr,gFOBT,gFOBT,FIT,FIT,Blood_test,Blood_test,sDNA,sDNA,CTC,CTC,CC,CC,New_test,New_test
,No colonoscopy,Colonoscopy,No colonoscopy,Colonoscopy,No colonoscopy,Colonoscopy,No colonoscopy,Colonoscopy,No colonoscopy,Colonoscopy,No colonoscopy,Colonoscopy,No colonoscopy,Colonoscopy,No colonoscopy,Colonoscopy
U,0.6267521835772469,0.6323714763352472,0.6199346748305969,0.6318580713703358,0.7010595862924454,0.6317656234107825,0.5007686766081066,0.6273275584865471,0.5434747862576305,0.6232314993214324,0.5066254948392954,0.6284342273692438,0.46208225372204714,0.6144513370369342,0.7463357529703154,0.6322440880852926
