,No scr,No scr,gFOBT,gFOBT,FIT,FIT,Blood_test,Blood_test,sDNA,sDNA,CTC,CTC,CC,CC,New_test,New_test
,No colonoscopy,Colonoscopy,No colonoscopy,Colonoscopy,No colonoscopy,Colonoscopy,No colonoscopy,Colonoscopy,No colonoscopy,Colonoscopy,No colonoscopy,Colonoscopy,No colonoscopy,Colonoscopy,No colonoscopy,Colonoscopy
U,0.6267521835772469,0.632371476335247,0.6199346748305967,0.6318580713703357,0.7010595862924454,0.6317656234107825,0.5007686766081062,0.627327558486547,0.5434747862576301,0.6232314993214323,0.506625494839295,0.6284342273692436,0.4620822537220466,0.614451337036934,0.7463453839636156,0.6322440880852925
