,No_screening,gFOBT,FIT,Blood_based,Stool_DNA,CTC,Colon_capsule,New_Test_A,New_Test_B
Screening,0.14329878067274326,0.12589481933990265,0.1419952936639084,0.11918087462009821,0.13934566869627127,0.13214028472322564,0.10928298653180138,0.17980732147414175,0.16326310609746886
