,No_screening,gFOBT,FIT,Blood_based,Stool_DNA,CTC,Colon_capsule,New_test
Screening,0.14198387764624953,0.12488109796553877,0.1409449350928098,0.11821207494877659,0.138242090566967,0.1310851312801571,0.10852196094502659,0.1772877198818878
