,No scr,No scr,gFOBT,gFOBT,FIT,FIT,Blood_test,Blood_test,sDNA,sDNA,CTC,CTC,CC,CC
,No colonoscopy,Colonoscopy,No colonoscopy,Colonoscopy,No colonoscopy,Colonoscopy,No colonoscopy,Colonoscopy,No colonoscopy,Colonoscopy,No colonoscopy,Colonoscopy,No colonoscopy,Colonoscopy
U,0.684707576558576,0.45741451230825814,0.6560751391237658,0.45658133414491786,0.7246961932247001,0.45643128839531977,0.5283305899222938,0.44922217668274644,0.5590457774771315,0.4425582346988288,0.5414901234908749,0.45102092759442725,0.48354990908887896,0.4282404502477032
