,No scr,No scr,gFOBT,gFOBT,FIT,FIT,Blood_test,Blood_test,sDNA,sDNA,CTC,CTC,CC,CC
,No colonoscopy,Colonoscopy,No colonoscopy,Colonoscopy,No colonoscopy,Colonoscopy,No colonoscopy,Colonoscopy,No colonoscopy,Colonoscopy,No colonoscopy,Colonoscopy,No colonoscopy,Colonoscopy
U,0.6267521902745625,0.6323714763352472,0.6199346810269182,0.6318580713703358,0.7010595862924454,0.6317656234107825,0.5007686766081066,0.6273275584865471,0.5434747790079851,0.6232314993214324,0.5066254893310489,0.6284342273692438,0.4620822477780745,0.6144513370369342
