,No scr,No scr,gFOBT,gFOBT,FIT,FIT,Blood_test,Blood_test,sDNA,sDNA,CTC,CTC,CC,CC
,No colonoscopy,Colonoscopy,No colonoscopy,Colonoscopy,No colonoscopy,Colonoscopy,No colonoscopy,Colonoscopy,No colonoscopy,Colonoscopy,No colonoscopy,Colonoscopy,No colonoscopy,Colonoscopy
U,0.030810890012204162,0.03138858507534348,0.030119589116873513,0.03133550263489715,0.03910651372564944,0.031325950659531365,0.019456945137796833,0.03086970972211933,0.02300211955243414,0.03045259564767111,0.01992737584381299,0.03098305548519864,0.01646403093816362,0.02957099398378782
