,No scr,No scr,gFOBT,gFOBT,FIT,FIT,Blood_test,Blood_test,sDNA,sDNA,CTC,CTC,CC,CC
,No colonoscopy,Colonoscopy,No colonoscopy,Colonoscopy,No colonoscopy,Colonoscopy,No colonoscopy,Colonoscopy,No colonoscopy,Colonoscopy,No colonoscopy,Colonoscopy,No colonoscopy,Colonoscopy
U,0.6267521902734029,0.6323714763344803,0.6199346810252719,0.6318580713695334,0.7010595862958415,0.6317656234099738,0.500768676596348,0.627327558485428,0.5434747790001812,0.6232314993200228,0.506625489319853,0.6284342273682025,0.46208224776244455,0.614451337034889
